Workbook

Sheet Executive_Summary_Dashboard
A1: 2026 STRATEGIC CAPITAL & RISK MONITOR
A4: SOLVENCY STATUS | E4: STRESS TEST SCENARIOS (TVaR IMPACT)
A5: Required Capital (Stress Loss): | C5: ='Backtest_&_ES'!W3 -> -677619.42 | E5: Scenario | F5: TVaR Result | G5: Verdict
A6: Available Reserves: | C6: ='Backtest_&_ES'!W4 -> -1952221.5 | E6: Regulatory Shift | F6: -0.028615356 | G6: Opportunity
A7: Coverage Ratio: | C7: ='Backtest_&_ES'!T6 -> 2.881 | E7: Base Case | F7: -0.029946586 | G7: Baseline
A8: STATUS: | C8: SAFE | E8: High CAT Loss | F8: -0.040921915 | G8: Critical Stress
A10: KEY METRICS
A11: Metric | B11: Value
A12: 99% VaR | B12: -0.045469403
A13: Tail Risk (TVaR) | B13: -0.067761942
A14: Portfolio Volatility | B14: =Hitorical_Sim!T7 -> 0.26417768
A15: Diversification Benefit | B15: =B13-((0.75*'Backtest_&_ES'!$M$4)+(0.2*'Backtest_&_ES'!$N$4)+(0.05*'Backtest_&_ES'!$O$4)) -> 0.018729353
A16: Model Validation | B16: Passed | C16: Green Zone (Basel III Complient)
A18: MANAGEMENT COMMENTARY & RISK OUTLOOK
A19: Conclusion: Based on a stochastic simulation of 1,000 market scenarios, the portfolio demonstrates robust solvency under normal and favorable operating conditions. The diversified allocation between private sector efficiency (ICICI) and public sector stability (NIACL) effectively buffers daily volatility, maintaining a Solvency Ratio well above the regulatory minimum of 1.5x.
A22: Stress Test Warning: However, the model flags a specific sensitivity to Global Catastrophic (CAT) Events. In the 'High CAT Loss' scenario, the portfolio's Expected Tail Loss (TVaR) deteriorates to ~4.09%, driven by GIC Re's exposure to reinsurance claims.
A25: Recommendation: While the current status is SAFE, it is recommended to maintain the computed Capital Reserve of ₹19.5 Lakhs. This surplus capital serves as a critical shock absorber.

Sheet Raw
A2: Date | B2: ICICIGI | C2: GICRE | D2: NIACL
A3: 43831 | B3: 1333.7988 | C3: 205.03458 | D3: 130.34233
A4: 43832 | B4: 1309.9719 | C4: 220.95213 | D4: 140.29065
A5: 43833 | B5: 1336.2542 | C5: 218.42696 | D5: 140.58041
A6: 43836 | B6: 1333.9436 | C6: 215.3156 | D6: 143.91263
A7: 43837 | B7: 1337.9868 | C7: 218.29169 | D7: 143.23651
A8: 43838 | B8: 1339.6716 | C8: 215.2254 | D8: 139.75941
A9: 43839 | B9: 1329.0817 | C9: 220.77177 | D9: 141.78772
A10: 43840 | B10: 1323.5461 | C10: 219.86992 | D10: 142.02919
A11: 43843 | B11: 1303.2808 | C11: 232.58594 | D11: 151.78433
A12: 43844 | B12: 1318.3954 | C12: 230.78223 | D12: 149.61116
A13: 43845 | B13: 1308.8165 | C13: 238.98904 | D13: 159.55948
A14: 43846 | B14: 1361.8623 | C14: 235.38167 | D14: 159.55948
... A1489: 46021 | B1489: 1955 | C1489: 384.39999 | D1489: 153.07001

Sheet Hitorical_Sim
A1: Date | B1: ICICIGI | C1: GICRE | D1: NIACL | N1: Summary Statistics | S1: Mean Variance Optimiser (The Challenger) | X1: Date | Y1: Optimized Portfolio Return | AA1: VaR | AD1: Reality Check (Backtesting)
A2: 43832 | B2: =LN(Raw!B4/Raw!B3) -> -0.018025428 | C2: =LN(Raw!C4/Raw!C3) -> 0.074767456 | D2: =LN(Raw!D4/Raw!D3) -> 0.073552034 | N2: Metric | O2: ICICI Lombard | P2: GIC Re | Q2: New India Assurance | S2: Weight ICICI | T2: 0.75094179 | X2: 43832 | Y2: {=SUMPRODUCT($T$2:$T$4,TRANSPOSE(B2:D2))} -> 0.0050252493 | AA2: Optimized Portfolio VaR | AB2: =_xlfn.PERCENTILE.INC(Y2:Y1487,0.01) -> -0.043055175 | AD2: Date | AE2: Portfolio Return | AF2: Breach Check | AG2: Total Breaches | AH2: Breach Zone
A3: 43833 | B3: =LN(Raw!B5/Raw!B4) -> 0.019864585 | C3: =LN(Raw!C5/Raw!C4) -> -0.011494424 | D3: =LN(Raw!D5/Raw!D4) -> 0.0020633276 | N3: Daily Mean Return | O3: =AVERAGE(B2:B1487) -> 0.00025730758 | P3: =AVERAGE(C2:C1487) -> 0.0004229509 | Q3: =AVERAGE(D2:D1487) -> 0.00010816358 | S3: Weight GIC | T3: 0.19956809 | X3: 43833 | Y3: {=SUMPRODUCT($T$2:$T$4,TRANSPOSE(B3:D3))} -> 0.012725341 | AD3: 43832 | AE3: 0.0050252493 | AF3: =IF(AE3<$AB$2,1,0) -> 0 | AG3: =SUM(AF3:AF1488) -> 15 | AH3: =IF(AG3<20,"Green","Red") -> Green
A4: 43836 | B4: =LN(Raw!B6/Raw!B5) -> -0.001730619 | C4: =LN(Raw!C6/Raw!C5) -> -0.014346815 | D4: =LN(Raw!D6/Raw!D5) -> 0.023426701 | N4: Daily Volatility | O4: =_xlfn.STDEV.S(B2:B1487) -> 0.018142274 | P4: =_xlfn.STDEV.S(C2:C1487) -> 0.028529807 | Q4: =_xlfn.STDEV.S(D2:D1487) -> 0.030505176 | S4: Weight New India | T4: 0.049490109 | X4: 43836 | Y4: {=SUMPRODUCT($T$2:$T$4,TRANSPOSE(B4:D4))} -> -0.0030033705 | AA4: Optimized Daily Mean | AB4: =AVERAGE(Y2:Y1487) -> 0.00028298354 | AD4: 43833 | AE4: 0.012725341 | AF4: =IF(AE4<$AB$2,1,0) -> 0
A5: 43837 | B5: =LN(Raw!B7/Raw!B6) -> 0.0030264381 | C5: =LN(Raw!C7/Raw!C6) -> 0.013727335 | D5: =LN(Raw!D7/Raw!D6) -> -0.0047091779 | N5: Annualized Return | O5: =O3*252 -> 0.06484151 | P5: =P3*252 -> 0.10658363 | Q5: =Q3*252 -> 0.027257222 | S5: Total Weight | T5: =SUM(T2:T4) -> 0.99999999 | X5: 43837 | Y5: {=SUMPRODUCT($T$2:$T$4,TRANSPOSE(B5:D5))} -> 0.0047791591 | AA5: Optimized Daily StDev | AB5: =_xlfn.STDEV.S(Y2:Y1487) -> 0.016647232 | AD5: 43836 | AE5: -0.0030033705 | AF5: =IF(AE5<$AB$2,1,0) -> 0
A6: 43838 | B6: =LN(Raw!B8/Raw!B7) -> 0.0012584239 | C6: =LN(Raw!C8/Raw!C7) -> -0.014146318 | D6: =LN(Raw!D8/Raw!D7) -> -0.024574711 | N6: Annualized Volatility | O6: =O4*SQRT(252) -> 0.28799967 | P6: =P4*SQRT(252) -> 0.45289664 | Q6: =Q4*SQRT(252) -> 0.48425466 | S6: Portfolio Variance (Daily) | T6: {=MMULT(TRANSPOSE(T2:T4),MMULT(O18:Q20,T2:T4))} -> 0.00027694383 | X6: 43838 | Y6: {=SUMPRODUCT($T$2:$T$4,TRANSPOSE(B6:D6))} -> -0.0030943557 | AD6: 43837 | AE6: 0.0047791591 | AF6: =IF(AE6<$AB$2,1,0) -> 0
A7: 43839 | B7: =LN(Raw!B9/Raw!B8) -> -0.007936306 | C7: =LN(Raw!C9/Raw!C8) -> 0.025443608 | D7: =LN(Raw!D9/Raw!D8) -> 0.01440853 | N7: Worst Day Loss (Min) | O7: =MIN(B2:B1487) -> -0.19523753 | P7: =MIN(C2:C1487) -> -0.15571568 | Q7: =MIN(D2:D1487) -> -0.21294002 | S7: Portfolio StDev (Annulaise) | T7: =SQRT(T6*252) -> 0.26417768 | X7: 43839 | Y7: {=SUMPRODUCT($T$2:$T$4,TRANSPOSE(B7:D7))} -> -0.00016889188 | AD7: 43838 | AE7: -0.0030943557 | AF7: =IF(AE7<$AB$2,1,0) -> 0
A8: 43840 | B8: =LN(Raw!B10/Raw!B9) -> -0.0041736202 | C8: =LN(Raw!C10/Raw!C9) -> -0.004093379 | D8: =LN(Raw!D10/Raw!D9) -> 0.0017015927 | N8: Skewness | O8: =SKEW(B2:B1487) -> -0.19297889 | P8: =SKEW(C2:C1487) -> 0.61408414 | Q8: =SKEW(D2:D1487) -> 0.5026768 | X8: 43840 | Y8: {=SUMPRODUCT($T$2:$T$4,TRANSPOSE(B8:D8))} -> -0.0038668417 | AD8: 43839 | AE8: -0.00016889188 | AF8: =IF(AE8<$AB$2,1,0) -> 0
A9: 43843 | B9: =LN(Raw!B11/Raw!B10) -> -0.015429858 | C9: =LN(Raw!C11/Raw!C10) -> 0.056223687 | D9: =LN(Raw!D11/Raw!D10) -> 0.066428046 | S9: Heuristic Allocation (Risk) | X9: 43843 | Y9: {=SUMPRODUCT($T$2:$T$4,TRANSPOSE(B9:D9))} -> 0.0029210599 | AD9: 43840 | AE9: -0.0038668417 | AF9: =IF(AE9<$AB$2,1,0) -> 0
A10: 43844 | B10: =LN(Raw!B12/Raw!B11) -> 0.011530632 | C10: =LN(Raw!C12/Raw!C11) -> -0.0077852567 | D10: =LN(Raw!D12/Raw!D11) -> -0.014420983 | N10: Correlation Matrix | T10: ICICI Lombard | U10: GIC Re | V10: New India Assurance | X10: 43844 | Y10: {=SUMPRODUCT($T$2:$T$4,TRANSPOSE(B10:D10))} -> 0.0063914487 | AD10: 43843 | AE10: 0.0029210599 | AF10: =IF(AE10<$AB$2,1,0) -> 0
A11: 43845 | B11: =LN(Raw!B13/Raw!B12) -> -0.0072920649 | C11: =LN(Raw!C13/Raw!C12) -> 0.034943187 | D11: =LN(Raw!D13/Raw!D12) -> 0.064377097 | O11: ICICIGI | P11: GICRE | Q11: NIACL | S11: Annualize volatility | T11: =O6 -> 0.28799967 | U11: =P6 -> 0.45289664 | V11: =Q6 -> 0.48425466 | X11: 43845 | Y11: {=SUMPRODUCT($T$2:$T$4,TRANSPOSE(B11:D11))} -> 0.0046836583 | AD11: 43844 | AE11: 0.0063914487 | AF11: =IF(AE11<$AB$2,1,0) -> 0
A12: 43846 | B12: =LN(Raw!B14/Raw!B13) -> 0.039729789 | C12: =LN(Raw!C14/Raw!C13) -> -0.015209394 | D12: =LN(Raw!D14/Raw!D13) -> 0 | N12: ICICIGI | O12: 1 | P12: 0.21886259 | Q12: 0.26857891 | S12: Inverse volatility | T12: =1/T11 -> 3.4722262 | U12: =1/U11 -> 2.2080093 | V12: =1/V11 -> 2.0650292 | X12: 43846 | Y12: {=SUMPRODUCT($T$2:$T$4,TRANSPOSE(B12:D12))} -> 0.026799449 | AD12: 43845 | AE12: 0.0046836583 | AF12: =IF(AE12<$AB$2,1,0) -> 0
A13: 43847 | B13: =LN(Raw!B15/Raw!B14) -> -0.0014856353 | C13: =LN(Raw!C15/Raw!C14) -> -0.012336468 | D13: =LN(Raw!D15/Raw!D14) -> -0.010343753 | N13: GICRE | O13: 0.21886259 | P13: 1 | Q13: 0.6877729 | S13: Total score | T13: =SUM(T12:V12) -> 7.7452647 | X13: 43847 | Y13: {=SUMPRODUCT($T$2:$T$4,TRANSPOSE(B13:D13))} -> -0.0040895043 | AD13: 43846 | AE13: 0.026799449 | AF13: =IF(AE13<$AB$2,1,0) -> 0
A14: 43850 | B14: =LN(Raw!B16/Raw!B15) -> -0.041744173 | C14: =LN(Raw!C16/Raw!C15) -> -0.011508765 | D14: =LN(Raw!D16/Raw!D15) -> -0.032005255 | N14: NIACL | O14: 0.26857891 | P14: 0.6877729 | Q14: 1 | S14: Final Weight | T14: =T12/$T$13 -> 0.4483031 | U14: =U12/$T$13 -> 0.28507861 | V14: =V12/$T$13 -> 0.26661828 | X14: 43850 | Y14: {=SUMPRODUCT($T$2:$T$4,TRANSPOSE(B14:D14))} -> -0.03522817 | AD14: 43847 | AE14: -0.0040895043 | AF14: =IF(AE14<$AB$2,1,0) -> 0
A15: 43851 | B15: =LN(Raw!B17/Raw!B16) -> -0.018475536 | C15: =LN(Raw!C17/Raw!C16) -> 0.0033296234 | D15: =LN(Raw!D17/Raw!D16) -> 0.013486121 | X15: 43851 | Y15: {=SUMPRODUCT($T$2:$T$4,TRANSPOSE(B15:D15))} -> -0.012542136 | AD15: 43850 | AE15: -0.03522817 | AF15: =IF(AE15<$AB$2,1,0) -> 0
A16: 43852 | B16: =LN(Raw!B18/Raw!B17) -> -0.012369904 | C16: =LN(Raw!C18/Raw!C17) -> -0.026752772 | D16: =LN(Raw!D18/Raw!D17) -> -0.0084468091 | N16: Covariance Matrix | X16: 43852 | Y16: {=SUMPRODUCT($T$2:$T$4,TRANSPOSE(B16:D16))} -> -0.015046111 | AD16: 43851 | AE16: -0.012542136 | AF16: =IF(AE16<$AB$2,1,0) -> 0
A17: 43853 | B17: =LN(Raw!B19/Raw!B18) -> 0.014510378 | C17: =LN(Raw!C19/Raw!C18) -> 0.025187236 | D17: =LN(Raw!D19/Raw!D18) -> 0.027271618 | O17: ICICIGI | P17: GICRE | Q17: NIACL | X17: 43853 | Y17: {=SUMPRODUCT($T$2:$T$4,TRANSPOSE(B17:D17))} -> 0.017272694 | AD17: 43852 | AE17: -0.015046111 | AF17: =IF(AE17<$AB$2,1,0) -> 0
A18: 43854 | B18: =LN(Raw!B20/Raw!B19) -> 0.013081758 | C18: =LN(Raw!C20/Raw!C19) -> 0.041244878 | D18: =LN(Raw!D20/Raw!D19) -> 0.015170202 | N18: ICICIGI | O18: =VARP(Hitorical_Sim!$B$2:$B$1487) -> 0.00032892061 | P18: 0.00011320607 | Q18: 0.00014854048 | X18: 43854 | Y18: {=SUMPRODUCT($T$2:$T$4,TRANSPOSE(B18:D18))} -> 0.018805575 | AD18: 43853 | AE18: 0.017272694 | AF18: =IF(AE18<$AB$2,1,0) -> 0
A19: 43857 | B19: =LN(Raw!B21/Raw!B20) -> -0.0085898294 | C19: =LN(Raw!C21/Raw!C20) -> -0.023772166 | D19: =LN(Raw!D21/Raw!D20) -> -0.0093783324 | N19: GICRE | O19: 0.00011320607 | P19: =VARP(Hitorical_Sim!$C$2:$C$1487) -> 0.00081340212 | Q19: 0.00059817061 | X19: 43857 | Y19: {=SUMPRODUCT($T$2:$T$4,TRANSPOSE(B19:D19))} -> -0.011658762 | AD19: 43854 | AE19: 0.018805575 | AF19: =IF(AE19<$AB$2,1,0) -> 0
A20: 43858 | B20: =LN(Raw!B22/Raw!B21) -> -0.0010838774 | C20: =LN(Raw!C22/Raw!C21) -> 0.00038488079 | D20: =LN(Raw!D22/Raw!D21) -> -0.020575105 | N20: NIACL | O20: 0.00014854048 | P20: 0.00059817061 | Q20: =VARP(Hitorical_Sim!$D$2:$D$1487) -> 0.00092993957 | X20: 43858 | Y20: {=SUMPRODUCT($T$2:$T$4,TRANSPOSE(B20:D20))} -> -0.0017553831 | AD20: 43857 | AE20: -0.011658762 | AF20: =IF(AE20<$AB$2,1,0) -> 0
A21: 43859 | B21: =LN(Raw!B23/Raw!B22) -> -0.010145885 | C21: =LN(Raw!C23/Raw!C22) -> -0.017857593 | D21: =LN(Raw!D23/Raw!D22) -> -0.0037300876 | X21: 43859 | Y21: {=SUMPRODUCT($T$2:$T$4,TRANSPOSE(B21:D21))} -> -0.011367377 | AD21: 43858 | AE21: -0.0017553831 | AF21: =IF(AE21<$AB$2,1,0) -> 0
A22: 43860 | B22: =LN(Raw!B24/Raw!B23) -> 0.003092143 | C22: =LN(Raw!C24/Raw!C23) -> -0.031635017 | D22: =LN(Raw!D24/Raw!D23) -> -0.033890887 | N22: Standalone VaR | X22: 43860 | Y22: {=SUMPRODUCT($T$2:$T$4,TRANSPOSE(B22:D22))} -> -0.0056685841 | AD22: 43859 | AE22: -0.011367377 | AF22: =IF(AE22<$AB$2,1,0) -> 0
A23: 43861 | B23: =LN(Raw!B25/Raw!B24) -> -0.0072173309 | C23: =LN(Raw!C25/Raw!C24) -> 0.01065659 | D23: =LN(Raw!D25/Raw!D24) -> 0.0019312753 | N23: ICICIGI | O23: GICRE | P23: NIACL | X23: 43861 | Y23: {=SUMPRODUCT($T$2:$T$4,TRANSPOSE(B23:D23))} -> -0.003197501 | AD23: 43860 | AE23: -0.0056685841 | AF23: =IF(AE23<$AB$2,1,0) -> 0
A24: 43864 | B24: =LN(Raw!B26/Raw!B25) -> -0.013554736 | C24: =LN(Raw!C26/Raw!C25) -> -0.063365856 | D24: =LN(Raw!D26/Raw!D25) -> -0.12739503 | N24: =_xlfn.PERCENTILE.INC(B2:B1487,0.01) -> -0.044093481 | O24: =_xlfn.PERCENTILE.INC(C2:C1487,0.01) -> -0.078538197 | P24: =_xlfn.PERCENTILE.INC(D2:D1487,0.01) -> -0.080364681 | X24: 43864 | Y24: {=SUMPRODUCT($T$2:$T$4,TRANSPOSE(B24:D24))} -> -0.029129414 | AD24: 43861 | AE24: -0.003197501 | AF24: =IF(AE24<$AB$2,1,0) -> 0
A25: 43865 | B25: =LN(Raw!B27/Raw!B26) -> 0.010439967 | C25: =LN(Raw!C27/Raw!C26) -> 0.036405759 | D25: =LN(Raw!D27/Raw!D26) -> 0.020246371 | X25: 43865 | Y25: {=SUMPRODUCT($T$2:$T$4,TRANSPOSE(B25:D25))} -> 0.016107231 | AD25: 43864 | AE25: -0.029129414 | AF25: =IF(AE25<$AB$2,1,0) -> 0
A26: 43866 | B26: =LN(Raw!B28/Raw!B27) -> 0.016600486 | C26: =LN(Raw!C28/Raw!C27) -> 0.047154869 | D26: =LN(Raw!D28/Raw!D27) -> 0.020896904 | X26: 43866 | Y26: {=SUMPRODUCT($T$2:$T$4,TRANSPOSE(B26:D26))} -> 0.022910795 | AD26: 43865 | AE26: 0.016107231 | AF26: =IF(AE26<$AB$2,1,0) -> 0
A27: 43867 | B27: =LN(Raw!B29/Raw!B28) -> 0.03047467 | C27: =LN(Raw!C29/Raw!C28) -> 0.0019580529 | D27: =LN(Raw!D29/Raw!D28) -> 0.059531294 | X27: 43867 | Y27: {=SUMPRODUCT($T$2:$T$4,TRANSPOSE(B27:D27))} -> 0.026221679 | AD27: 43866 | AE27: 0.022910795 | AF27: =IF(AE27<$AB$2,1,0) -> 0
A28: 43868 | B28: =LN(Raw!B30/Raw!B29) -> 0.002935319 | C28: =LN(Raw!C30/Raw!C29) -> 0.062188357 | D28: =LN(Raw!D30/Raw!D29) -> -0.0069592963 | X28: 43868 | Y28: {=SUMPRODUCT($T$2:$T$4,TRANSPOSE(B28:D28))} -> 0.014270649 | AD28: 43867 | AE28: 0.026221679 | AF28: =IF(AE28<$AB$2,1,0) -> 0
A29: 43871 | B29: =LN(Raw!B31/Raw!B30) -> -0.0032260202 | C29: =LN(Raw!C31/Raw!C30) -> -0.021178634 | D29: =LN(Raw!D31/Raw!D30) -> 0.0066289823 | X29: 43871 | Y29: {=SUMPRODUCT($T$2:$T$4,TRANSPOSE(B29:D29))} -> -0.0063210638 | AD29: 43868 | AE29: 0.014270649 | AF29: =IF(AE29<$AB$2,1,0) -> 0
A30: 43872 | B30: =LN(Raw!B32/Raw!B31) -> -0.0063733515 | C30: =LN(Raw!C32/Raw!C31) -> -0.12163945 | D30: =LN(Raw!D32/Raw!D31) -> -0.044586785 | X30: 43872 | Y30: {=SUMPRODUCT($T$2:$T$4,TRANSPOSE(B30:D30))} -> -0.031267973 | AD30: 43871 | AE30: -0.0063210638 | AF30: =IF(AE30<$AB$2,1,0) -> 0
A31: 43873 | B31: =LN(Raw!B33/Raw!B32) -> -0.012684996 | C31: =LN(Raw!C33/Raw!C32) -> 0.0088664279 | D31: =LN(Raw!D33/Raw!D32) -> -0.01181387 | X31: 43873 | Y31: {=SUMPRODUCT($T$2:$T$4,TRANSPOSE(B31:D31))} -> -0.0083409069 | AD31: 43872 | AE31: -0.031267973 | AF31: =IF(AE31<$AB$2,1,0) -> 0
A32: 43874 | B32: =LN(Raw!B34/Raw!B33) -> -0.0028905099 | C32: =LN(Raw!C34/Raw!C33) -> -0.04009532 | D32: =LN(Raw!D34/Raw!D33) -> -0.0073673514 | X32: 43874 | Y32: {=SUMPRODUCT($T$2:$T$4,TRANSPOSE(B32:D32))} -> -0.010536962 | AD32: 43873 | AE32: -0.0083409069 | AF32: =IF(AE32<$AB$2,1,0) -> 0
A33: 43875 | B33: =LN(Raw!B35/Raw!B34) -> 0.004628083 | C33: =LN(Raw!C35/Raw!C34) -> -0.047259995 | D33: =LN(Raw!D35/Raw!D34) -> -0.036576248 | X33: 43875 | Y33: {=SUMPRODUCT($T$2:$T$4,TRANSPOSE(B33:D33))} -> -0.0077663285 | AD33: 43874 | AE33: -0.010536962 | AF33: =IF(AE33<$AB$2,1,0) -> 0
A34: 43878 | B34: =LN(Raw!B36/Raw!B35) -> -0.011106199 | C34: =LN(Raw!C36/Raw!C35) -> -0.023202919 | D34: =LN(Raw!D36/Raw!D35) -> -0.030030012 | X34: 43878 | Y34: {=SUMPRODUCT($T$2:$T$4,TRANSPOSE(B34:D34))} -> -0.01445686 | AD34: 43875 | AE34: -0.0077663285 | AF34: =IF(AE34<$AB$2,1,0) -> 0
A35: 43879 | B35: =LN(Raw!B37/Raw!B36) -> 0.00056020888 | C35: =LN(Raw!C37/Raw!C36) -> -0.024475483 | D35: =LN(Raw!D37/Raw!D36) -> -0.02515381 | X35: 43879 | Y35: {=SUMPRODUCT($T$2:$T$4,TRANSPOSE(B35:D35))} -> -0.0057087058 | AD35: 43878 | AE35: -0.01445686 | AF35: =IF(AE35<$AB$2,1,0) -> 0
A36: 43880 | B36: =LN(Raw!B38/Raw!B37) -> 0.011985476 | C36: =LN(Raw!C38/Raw!C37) -> 0.041235649 | D36: =LN(Raw!D38/Raw!D37) -> 0.024400778 | X36: 43880 | Y36: {=SUMPRODUCT($T$2:$T$4,TRANSPOSE(B36:D36))} -> 0.018437312 | AD36: 43879 | AE36: -0.0057087058 | AF36: =IF(AE36<$AB$2,1,0) -> 0
... A1487: 46021 | B1487: =LN(Raw!B1489/Raw!B1488) -> 0.0060541199 | C1487: =LN(Raw!C1489/Raw!C1488) -> 0.039668215 | D1487: =LN(Raw!D1489/Raw!D1488) -> 0.001045844 | X1487: 46021 | Y1487: {=SUMPRODUCT($T$2:$T$4,TRANSPOSE(B1487:D1487))} -> 0.01251456 | AD1487: 46020 | AE1487: -0.0039137377 | AF1487: =IF(AE1487<$AB$2,1,0) -> 0
AD1488: 46021 | AE1488: 0.01251456 | AF1488: =IF(AE1488<$AB$2,1,0) -> 0

Sheet Monte_Carlo
B1: Uncorrelated Randoms Variables | K1: Correlated Random Variable | O1: Simulated Price | T1: Simulated Returns | X1: Simulated Porfolio Return | AB1: Calculated VaR
A2: Simulator | B2: w1 | C2: w2 | D2: w3 | F2: Correlation Matrix | K2: w1 | L2: w2 | M2: w3 | O2: Simulator | P2: ICICIGI | Q2: GICRE | R2: NIACL | T2: ICICIGI | U2: GICRE | V2: NIACL | X2: Simulator | Y2: Portfolio Return | Z2: Sorted Return | AB2: VaR | AC2: =_xlfn.PERCENTILE.INC(Y4:Y1002,0.01) -> -0.048031129
A3: 1 | C3: =_xlfn.NORM.INV(RAND(),Hitorical_Sim!$AB$4,Hitorical_Sim!$AB$5) -> -0.0035616355 | D3: =_xlfn.NORM.INV(RAND(),Hitorical_Sim!$AB$4,Hitorical_Sim!$AB$5) -> 0.0069019478 | G3: ICICIGI | H3: GICRE | I3: NIACL | K3: =_xlfn.NORM.S.INV(RAND()) -> -1.0037041 | L3: =_xlfn.NORM.S.INV(RAND()) -> -1.3559949 | M3: =_xlfn.NORM.S.INV(RAND()) -> -1.4089499 | O3: 1 | P3: =$G$17*EXP(($G$15-0.5*$G$16)+($G$16*K3)) -> 1902.8769 | Q3: =$H$17*EXP(($H$15-0.5*$H$16^2)+($H$16*L3)) -> 369.81888 | R3: =$I$17*EXP(($I$15-0.5*$I$16)+($I$16*M3)) -> 144.42649 | X3: 1
A4: 2 | B4: =_xlfn.NORM.INV(RAND(),Hitorical_Sim!$AB$4,Hitorical_Sim!$AB$5) -> 0.014296089 | C4: =_xlfn.NORM.INV(RAND(),Hitorical_Sim!$AB$4,Hitorical_Sim!$AB$5) -> -0.023077918 | D4: =_xlfn.NORM.INV(RAND(),Hitorical_Sim!$AB$4,Hitorical_Sim!$AB$5) -> -0.0054030753 | F4: ICICIGI | G4: 1 | H4: 0.21886259 | I4: 0.26857891 | K4: =_xlfn.NORM.S.INV(RAND()) -> 0.1092282 | L4: =_xlfn.NORM.S.INV(RAND()) -> 0.34193418 | M4: =_xlfn.NORM.S.INV(RAND()) -> 0.94466616 | O4: 2 | P4: =$G$17*EXP(($G$15-0.5*$G$16)+($G$16*K4)) -> 1941.6886 | Q4: =$H$17*EXP(($H$15-0.5*$H$16^2)+($H$16*L4)) -> 388.17449 | R4: =$I$17*EXP(($I$15-0.5*$I$16)+($I$16*M4)) -> 155.17727 | T4: =LN(P4/P3) -> 0.020191122 | U4: =LN(Q4/Q3) -> 0.048441589 | V4: =LN(R4/R3) -> 0.071797472 | X4: 2 | Y4: =($G$18*T4)+($H$18*U4)+($I$18*V4) -> 0.028383018 | Z4: {=_xlfn._xlws.SORT(Y4:Y1002,1,1)} -> -0.076343363
A5: 3 | B5: =_xlfn.NORM.INV(RAND(),Hitorical_Sim!$AB$4,Hitorical_Sim!$AB$5) -> 0.0038143474 | C5: =_xlfn.NORM.INV(RAND(),Hitorical_Sim!$AB$4,Hitorical_Sim!$AB$5) -> -0.021294434 | D5: =_xlfn.NORM.INV(RAND(),Hitorical_Sim!$AB$4,Hitorical_Sim!$AB$5) -> 0.011152604 | F5: GICRE | G5: 0.21886259 | H5: 1 | I5: 0.6877729 | K5: =_xlfn.NORM.S.INV(RAND()) -> -1.0273621 | L5: =_xlfn.NORM.S.INV(RAND()) -> -1.6480341 | M5: =_xlfn.NORM.S.INV(RAND()) -> 0.14788741 | O5: 3 | P5: =$G$17*EXP(($G$15-0.5*$G$16)+($G$16*K5)) -> 1902.0603 | Q5: =$H$17*EXP(($H$15-0.5*$H$16^2)+($H$16*L5)) -> 366.75041 | R5: =$I$17*EXP(($I$15-0.5*$I$16)+($I$16*M5)) -> 151.45102 | T5: =LN(P5/P4) -> -0.020620332 | U5: =LN(Q5/Q4) -> -0.056773409 | V5: =LN(R5/R4) -> -0.024305876 | X5: 3 | Y5: =($G$18*T5)+($H$18*U5)+($I$18*V5) -> -0.02801773 | Z5: -0.064524749
A6: 4 | B6: =_xlfn.NORM.INV(RAND(),Hitorical_Sim!$AB$4,Hitorical_Sim!$AB$5) -> 0.018433309 | C6: =_xlfn.NORM.INV(RAND(),Hitorical_Sim!$AB$4,Hitorical_Sim!$AB$5) -> 0.022805633 | D6: =_xlfn.NORM.INV(RAND(),Hitorical_Sim!$AB$4,Hitorical_Sim!$AB$5) -> 0.021238337 | F6: NIACL | G6: 0.26857891 | H6: 0.6877729 | I6: 1 | K6: =_xlfn.NORM.S.INV(RAND()) -> 1.7496547 | L6: =_xlfn.NORM.S.INV(RAND()) -> -1.0874141 | M6: =_xlfn.NORM.S.INV(RAND()) -> -0.22728526 | O6: 4 | P6: =$G$17*EXP(($G$15-0.5*$G$16)+($G$16*K6)) -> 2000.3438 | Q6: =$H$17*EXP(($H$15-0.5*$H$16^2)+($H$16*L6)) -> 372.66352 | R6: =$I$17*EXP(($I$15-0.5*$I$16)+($I$16*M6)) -> 149.72759 | T6: =LN(P6/P5) -> 0.050381399 | U6: =LN(Q6/Q5) -> 0.015994378 | V6: =LN(R6/R5) -> -0.011444709 | X6: 4 | Y6: =($G$18*T6)+($H$18*U6)+($I$18*V6) -> 0.040459066 | Z6: -0.062713445
A7: 5 | B7: =_xlfn.NORM.INV(RAND(),Hitorical_Sim!$AB$4,Hitorical_Sim!$AB$5) -> -0.0152338 | C7: =_xlfn.NORM.INV(RAND(),Hitorical_Sim!$AB$4,Hitorical_Sim!$AB$5) -> 0.0014775764 | D7: =_xlfn.NORM.INV(RAND(),Hitorical_Sim!$AB$4,Hitorical_Sim!$AB$5) -> 0.0065473581 | K7: =_xlfn.NORM.S.INV(RAND()) -> -0.85429913 | L7: =_xlfn.NORM.S.INV(RAND()) -> -0.79929599 | M7: =_xlfn.NORM.S.INV(RAND()) -> 0.50060251 | O7: 5 | P7: =$G$17*EXP(($G$15-0.5*$G$16)+($G$16*K7)) -> 1908.0417 | Q7: =$H$17*EXP(($H$15-0.5*$H$16^2)+($H$16*L7)) -> 375.73942 | R7: =$I$17*EXP(($I$15-0.5*$I$16)+($I$16*M7)) -> 153.08938 | T7: =LN(P7/P6) -> -0.047241644 | U7: =LN(Q7/Q6) -> 0.0082199547 | V7: =LN(R7/R6) -> 0.022204345 | X7: 5 | Y7: =($G$18*T7)+($H$18*U7)+($I$18*V7) -> -0.032736388 | Z7: -0.060327603
A8: 6 | B8: =_xlfn.NORM.INV(RAND(),Hitorical_Sim!$AB$4,Hitorical_Sim!$AB$5) -> 0.010514918 | C8: =_xlfn.NORM.INV(RAND(),Hitorical_Sim!$AB$4,Hitorical_Sim!$AB$5) -> 0.0082897954 | D8: =_xlfn.NORM.INV(RAND(),Hitorical_Sim!$AB$4,Hitorical_Sim!$AB$5) -> -0.019498578 | F8: Cholesky Decomposition | K8: =_xlfn.NORM.S.INV(RAND()) -> 0.79869574 | L8: =_xlfn.NORM.S.INV(RAND()) -> 0.054661191 | M8: =_xlfn.NORM.S.INV(RAND()) -> 0.55461067 | O8: 6 | P8: =$G$17*EXP(($G$15-0.5*$G$16)+($G$16*K8)) -> 1966.1288 | Q8: =$H$17*EXP(($H$15-0.5*$H$16^2)+($H$16*L8)) -> 385.00607 | R8: =$I$17*EXP(($I$15-0.5*$I$16)+($I$16*M8)) -> 153.34181 | T8: =LN(P8/P7) -> 0.029989086 | U8: =LN(Q8/Q7) -> 0.024363233 | V8: =LN(R8/R7) -> 0.0016475286 | X8: 6 | Y8: =($G$18*T8)+($H$18*U8)+($I$18*V8) -> 0.027463718 | Z8: -0.057170837
A9: 7 | B9: =_xlfn.NORM.INV(RAND(),Hitorical_Sim!$AB$4,Hitorical_Sim!$AB$5) -> -0.0044392983 | C9: =_xlfn.NORM.INV(RAND(),Hitorical_Sim!$AB$4,Hitorical_Sim!$AB$5) -> 0.0067668419 | D9: =_xlfn.NORM.INV(RAND(),Hitorical_Sim!$AB$4,Hitorical_Sim!$AB$5) -> -0.023919396 | G9: ICICIGI | H9: GICRE | I9: NIACL | K9: =_xlfn.NORM.S.INV(RAND()) -> -1.8033124 | L9: =_xlfn.NORM.S.INV(RAND()) -> 1.0669995 | M9: =_xlfn.NORM.S.INV(RAND()) -> -0.85257073 | O9: 7 | P9: =$G$17*EXP(($G$15-0.5*$G$16)+($G$16*K9)) -> 1875.4717 | Q9: =$H$17*EXP(($H$15-0.5*$H$16^2)+($H$16*L9)) -> 396.28788 | R9: =$I$17*EXP(($I$15-0.5*$I$16)+($I$16*M9)) -> 146.89869 | T9: =LN(P9/P8) -> -0.047206345 | U9: =LN(Q9/Q8) -> 0.028881815 | V9: =LN(R9/R8) -> -0.042926317 | X9: 7 | Y9: =($G$18*T9)+($H$18*U9)+($I$18*V9) -> -0.031809757 | Z9: -0.055909361
A10: 8 | B10: =_xlfn.NORM.INV(RAND(),Hitorical_Sim!$AB$4,Hitorical_Sim!$AB$5) -> -0.0069070631 | C10: =_xlfn.NORM.INV(RAND(),Hitorical_Sim!$AB$4,Hitorical_Sim!$AB$5) -> -0.0015342924 | D10: =_xlfn.NORM.INV(RAND(),Hitorical_Sim!$AB$4,Hitorical_Sim!$AB$5) -> 0.012736555 | F10: ICICIGI | G10: 1 | H10: 0 | I10: 0 | K10: =_xlfn.NORM.S.INV(RAND()) -> -0.31579848 | L10: =_xlfn.NORM.S.INV(RAND()) -> 1.4667085 | M10: =_xlfn.NORM.S.INV(RAND()) -> 0.41891103 | O10: 8 | P10: =$G$17*EXP(($G$15-0.5*$G$16)+($G$16*K10)) -> 1926.7739 | Q10: =$H$17*EXP(($H$15-0.5*$H$16^2)+($H$16*L10)) -> 400.83287 | R10: =$I$17*EXP(($I$15-0.5*$I$16)+($I$16*M10)) -> 152.70835 | T10: =LN(P10/P9) -> 0.026986886 | U10: =LN(Q10/Q9) -> 0.011403622 | V10: =LN(R10/R9) -> 0.038786776 | X10: 8 | Y10: =($G$18*T10)+($H$18*U10)+($I$18*V10) -> 0.024460941 | Z10: -0.053597008
A11: 9 | B11: =_xlfn.NORM.INV(RAND(),Hitorical_Sim!$AB$4,Hitorical_Sim!$AB$5) -> 0.00039425617 | C11: =_xlfn.NORM.INV(RAND(),Hitorical_Sim!$AB$4,Hitorical_Sim!$AB$5) -> -0.00071247852 | D11: =_xlfn.NORM.INV(RAND(),Hitorical_Sim!$AB$4,Hitorical_Sim!$AB$5) -> 0.022872864 | F11: GICRE | G11: 0.21886259 | H11: =SQRT(1-G11^2) -> 0.97575569 | I11: 0 | K11: =_xlfn.NORM.S.INV(RAND()) -> 0.1970881 | L11: =_xlfn.NORM.S.INV(RAND()) -> -0.27412964 | M11: =_xlfn.NORM.S.INV(RAND()) -> 0.55710018 | O11: 9 | P11: =$G$17*EXP(($G$15-0.5*$G$16)+($G$16*K11)) -> 1944.7861 | Q11: =$H$17*EXP(($H$15-0.5*$H$16^2)+($H$16*L11)) -> 381.41147 | R11: =$I$17*EXP(($I$15-0.5*$I$16)+($I$16*M11)) -> 153.35345 | T11: =LN(P11/P10) -> 0.009304929 | U11: =LN(Q11/Q10) -> -0.049665776 | V11: =LN(R11/R10) -> 0.0042154843 | X11: 9 | Y11: =($G$18*T11)+($H$18*U11)+($I$18*V11) -> -0.0027156193 | Z11: -0.051710172
A12: 10 | B12: =_xlfn.NORM.INV(RAND(),Hitorical_Sim!$AB$4,Hitorical_Sim!$AB$5) -> 0.025174326 | C12: =_xlfn.NORM.INV(RAND(),Hitorical_Sim!$AB$4,Hitorical_Sim!$AB$5) -> -0.015005454 | D12: =_xlfn.NORM.INV(RAND(),Hitorical_Sim!$AB$4,Hitorical_Sim!$AB$5) -> -0.036836733 | F12: NIACL | G12: 0.26857891 | H12: =(Monte_Carlo!I5-(Monte_Carlo!G5*G12))/H11 -> 0.64461937 | I12: =SQRT(1-G12^2-H12^2) -> 0.71577317 | K12: =_xlfn.NORM.S.INV(RAND()) -> 0.043688408 | L12: =_xlfn.NORM.S.INV(RAND()) -> -1.3925267 | M12: =_xlfn.NORM.S.INV(RAND()) -> -0.17583463 | O12: 10 | P12: =$G$17*EXP(($G$15-0.5*$G$16)+($G$16*K12)) -> 1939.3812 | Q12: =$H$17*EXP(($H$15-0.5*$H$16^2)+($H$16*L12)) -> 369.43364 | R12: =$I$17*EXP(($I$15-0.5*$I$16)+($I$16*M12)) -> 149.96277 | T12: =LN(P12/P11) -> -0.0027830193 | U12: =LN(Q12/Q11) -> -0.03190765 | V12: =LN(R12/R11) -> -0.022358306 | X12: 10 | Y12: =($G$18*T12)+($H$18*U12)+($I$18*V12) -> -0.0095641493 | Z12: -0.049378565
A13: 11 | B13: =_xlfn.NORM.INV(RAND(),Hitorical_Sim!$AB$4,Hitorical_Sim!$AB$5) -> 0.024243577 | C13: =_xlfn.NORM.INV(RAND(),Hitorical_Sim!$AB$4,Hitorical_Sim!$AB$5) -> -0.018809088 | D13: =_xlfn.NORM.INV(RAND(),Hitorical_Sim!$AB$4,Hitorical_Sim!$AB$5) -> -0.0078456856 | K13: =_xlfn.NORM.S.INV(RAND()) -> -0.48173614 | L13: =_xlfn.NORM.S.INV(RAND()) -> -1.16508 | M13: =_xlfn.NORM.S.INV(RAND()) -> 1.572717 | O13: 11 | P13: =$G$17*EXP(($G$15-0.5*$G$16)+($G$16*K13)) -> 1920.9821 | Q13: =$H$17*EXP(($H$15-0.5*$H$16^2)+($H$16*L13)) -> 371.83869 | R13: =$I$17*EXP(($I$15-0.5*$I$16)+($I$16*M13)) -> 158.17895 | T13: =LN(P13/P12) -> -0.0095323961 | U13: =LN(Q13/Q12) -> 0.00648901 | V13: =LN(R13/R12) -> 0.053339875 | X13: 11 | Y13: =($G$18*T13)+($H$18*U13)+($I$18*V13) -> -0.003223479 | Z13: -0.04851849
A14: 12 | B14: =_xlfn.NORM.INV(RAND(),Hitorical_Sim!$AB$4,Hitorical_Sim!$AB$5) -> -0.024717069 | C14: =_xlfn.NORM.INV(RAND(),Hitorical_Sim!$AB$4,Hitorical_Sim!$AB$5) -> -0.019955705 | D14: =_xlfn.NORM.INV(RAND(),Hitorical_Sim!$AB$4,Hitorical_Sim!$AB$5) -> 0.00088316306 | G14: ICICIGI | H14: GICRE | I14: NIACL | K14: =_xlfn.NORM.S.INV(RAND()) -> -0.74660991 | L14: =_xlfn.NORM.S.INV(RAND()) -> -1.7356404 | M14: =_xlfn.NORM.S.INV(RAND()) -> 0.93750605 | O14: 12 | P14: =$G$17*EXP(($G$15-0.5*$G$16)+($G$16*K14)) -> 1911.7732 | Q14: =$H$17*EXP(($H$15-0.5*$H$16^2)+($H$16*L14)) -> 365.8349 | R14: =$I$17*EXP(($I$15-0.5*$I$16)+($I$16*M14)) -> 155.14338 | T14: =LN(P14/P13) -> -0.0048054125 | U14: =LN(Q14/Q13) -> -0.01627798 | V14: =LN(R14/R13) -> -0.019377221 | X14: 12 | Y14: =($G$18*T14)+($H$18*U14)+($I$18*V14) -> -0.0078161311 | Z14: -0.048021183
A15: 13 | B15: =_xlfn.NORM.INV(RAND(),Hitorical_Sim!$AB$4,Hitorical_Sim!$AB$5) -> 0.0015184197 | C15: =_xlfn.NORM.INV(RAND(),Hitorical_Sim!$AB$4,Hitorical_Sim!$AB$5) -> -0.00407119 | D15: =_xlfn.NORM.INV(RAND(),Hitorical_Sim!$AB$4,Hitorical_Sim!$AB$5) -> -0.018038088 | F15: Drift | G15: =Hitorical_Sim!O3 -> 0.00025730758 | H15: =Hitorical_Sim!P3 -> 0.0004229509 | I15: =Hitorical_Sim!Q3 -> 0.00010816358 | K15: =_xlfn.NORM.S.INV(RAND()) -> 0.18932332 | L15: =_xlfn.NORM.S.INV(RAND()) -> 0.035251427 | M15: =_xlfn.NORM.S.INV(RAND()) -> -0.27455467 | O15: 13 | P15: =$G$17*EXP(($G$15-0.5*$G$16)+($G$16*K15)) -> 1944.5121 | Q15: =$H$17*EXP(($H$15-0.5*$H$16^2)+($H$16*L15)) -> 384.79293 | R15: =$I$17*EXP(($I$15-0.5*$I$16)+($I$16*M15)) -> 149.51184 | T15: =LN(P15/P14) -> 0.016979957 | U15: =LN(Q15/Q14) -> 0.050523202 | V15: =LN(R15/R14) -> -0.036974126 | X15: 13 | Y15: =($G$18*T15)+($H$18*U15)+($I$18*V15) -> 0.021003925 | Z15: -0.047652603
A16: 14 | B16: =_xlfn.NORM.INV(RAND(),Hitorical_Sim!$AB$4,Hitorical_Sim!$AB$5) -> 0.010339428 | C16: =_xlfn.NORM.INV(RAND(),Hitorical_Sim!$AB$4,Hitorical_Sim!$AB$5) -> 0.0037850399 | D16: =_xlfn.NORM.INV(RAND(),Hitorical_Sim!$AB$4,Hitorical_Sim!$AB$5) -> 0.013819069 | F16: Volatility | G16: =Hitorical_Sim!O4 -> 0.018142274 | H16: =Hitorical_Sim!P4 -> 0.028529807 | I16: =Hitorical_Sim!Q4 -> 0.030505176 | K16: =_xlfn.NORM.S.INV(RAND()) -> 1.7597558 | L16: =_xlfn.NORM.S.INV(RAND()) -> -0.19222263 | M16: =_xlfn.NORM.S.INV(RAND()) -> 0.29944122 | O16: 14 | P16: =$G$17*EXP(($G$15-0.5*$G$16)+($G$16*K16)) -> 2000.7104 | Q16: =$H$17*EXP(($H$15-0.5*$H$16^2)+($H$16*L16)) -> 382.30379 | R16: =$I$17*EXP(($I$15-0.5*$I$16)+($I$16*M16)) -> 152.15283 | T16: =LN(P16/P15) -> 0.028491217 | U16: =LN(Q16/Q15) -> -0.0064897908 | V16: =LN(R16/R15) -> 0.017509846 | X16: 14 | Y16: =($G$18*T16)+($H$18*U16)+($I$18*V16) -> 0.020966655 | Z16: -0.046780898
A17: 15 | B17: =_xlfn.NORM.INV(RAND(),Hitorical_Sim!$AB$4,Hitorical_Sim!$AB$5) -> 0.0090433761 | C17: =_xlfn.NORM.INV(RAND(),Hitorical_Sim!$AB$4,Hitorical_Sim!$AB$5) -> 0.01068799 | D17: =_xlfn.NORM.INV(RAND(),Hitorical_Sim!$AB$4,Hitorical_Sim!$AB$5) -> 0.011201262 | F17: S0 (As on | G17: =Raw!B1489 -> 1955 | H17: =Raw!C1489 -> 384.39999 | I17: =Raw!D1489 -> 153.07001 | K17: =_xlfn.NORM.S.INV(RAND()) -> 0.06328817 | L17: =_xlfn.NORM.S.INV(RAND()) -> 0.57642619 | M17: =_xlfn.NORM.S.INV(RAND()) -> -2.5363379 | O17: 15 | P17: =$G$17*EXP(($G$15-0.5*$G$16)+($G$16*K17)) -> 1940.071 | Q17: =$H$17*EXP(($H$15-0.5*$H$16^2)+($H$16*L17)) -> 390.78009 | R17: =$I$17*EXP(($I$15-0.5*$I$16)+($I$16*M17)) -> 139.54394 | T17: =LN(P17/P16) -> -0.030777781 | U17: =LN(Q17/Q16) -> 0.021929402 | V17: =LN(R17/R16) -> -0.086505942 | X17: 15 | Y17: =($G$18*T17)+($H$18*U17)+($I$18*V17) -> -0.023017102 | Z17: -0.04675626
A18: 16 | B18: =_xlfn.NORM.INV(RAND(),Hitorical_Sim!$AB$4,Hitorical_Sim!$AB$5) -> 0.031222877 | C18: =_xlfn.NORM.INV(RAND(),Hitorical_Sim!$AB$4,Hitorical_Sim!$AB$5) -> 0.0085323542 | D18: =_xlfn.NORM.INV(RAND(),Hitorical_Sim!$AB$4,Hitorical_Sim!$AB$5) -> 0.0033388216 | F18: Weight | G18: =Hitorical_Sim!T2 -> 0.75094179 | H18: =Hitorical_Sim!T3 -> 0.19956809 | I18: =Hitorical_Sim!T4 -> 0.049490109 | K18: =_xlfn.NORM.S.INV(RAND()) -> -0.93306463 | L18: =_xlfn.NORM.S.INV(RAND()) -> 0.30593373 | M18: =_xlfn.NORM.S.INV(RAND()) -> -0.21552387 | O18: 16 | P18: =$G$17*EXP(($G$15-0.5*$G$16)+($G$16*K18)) -> 1905.3171 | Q18: =$H$17*EXP(($H$15-0.5*$H$16^2)+($H$16*L18)) -> 387.77601 | R18: =$I$17*EXP(($I$15-0.5*$I$16)+($I$16*M18)) -> 149.78132 | T18: =LN(P18/P17) -> -0.018076106 | U18: =LN(Q18/Q17) -> -0.0077170975 | V18: =LN(R18/R17) -> 0.070796842 | X18: 16 | Y18: =($G$18*T18)+($H$18*U18)+($I$18*V18) -> -0.011610446 | Z18: -0.046755096
A19: 17 | B19: =_xlfn.NORM.INV(RAND(),Hitorical_Sim!$AB$4,Hitorical_Sim!$AB$5) -> 0.022750971 | C19: =_xlfn.NORM.INV(RAND(),Hitorical_Sim!$AB$4,Hitorical_Sim!$AB$5) -> -0.014232972 | D19: =_xlfn.NORM.INV(RAND(),Hitorical_Sim!$AB$4,Hitorical_Sim!$AB$5) -> 0.0057438125 | K19: =_xlfn.NORM.S.INV(RAND()) -> 1.6001953 | L19: =_xlfn.NORM.S.INV(RAND()) -> -0.24025155 | M19: =_xlfn.NORM.S.INV(RAND()) -> -1.4152856 | O19: 17 | P19: =$G$17*EXP(($G$15-0.5*$G$16)+($G$16*K19)) -> 1994.9272 | Q19: =$H$17*EXP(($H$15-0.5*$H$16^2)+($H$16*L19)) -> 381.7803 | R19: =$I$17*EXP(($I$15-0.5*$I$16)+($I$16*M19)) -> 144.39858 | T19: =LN(P19/P18) -> 0.045959096 | U19: =LN(Q19/Q18) -> -0.015582561 | V19: =LN(R19/R18) -> -0.036598942 | X19: 17 | Y19: =($G$18*T19)+($H$18*U19)+($I$18*V19) -> 0.029591538 | Z19: -0.046600472
A20: 18 | B20: =_xlfn.NORM.INV(RAND(),Hitorical_Sim!$AB$4,Hitorical_Sim!$AB$5) -> -0.02521172 | C20: =_xlfn.NORM.INV(RAND(),Hitorical_Sim!$AB$4,Hitorical_Sim!$AB$5) -> 0.019206709 | D20: =_xlfn.NORM.INV(RAND(),Hitorical_Sim!$AB$4,Hitorical_Sim!$AB$5) -> 0.020598815 | K20: =_xlfn.NORM.S.INV(RAND()) -> -0.14939246 | L20: =_xlfn.NORM.S.INV(RAND()) -> -0.33153382 | M20: =_xlfn.NORM.S.INV(RAND()) -> -0.60982042 | O20: 18 | P20: =$G$17*EXP(($G$15-0.5*$G$16)+($G$16*K20)) -> 1932.5996 | Q20: =$H$17*EXP(($H$15-0.5*$H$16^2)+($H$16*L20)) -> 380.78733 | R20: =$I$17*EXP(($I$15-0.5*$I$16)+($I$16*M20)) -> 147.99053 | T20: =LN(P20/P19) -> -0.0317415 | U20: =LN(Q20/Q19) -> -0.0026042653 | V20: =LN(R20/R19) -> 0.024570856 | X20: 18 | Y20: =($G$18*T20)+($H$18*U20)+($I$18*V20) -> -0.023139733 | Z20: -0.046380873
A21: 19 | B21: =_xlfn.NORM.INV(RAND(),Hitorical_Sim!$AB$4,Hitorical_Sim!$AB$5) -> 0.00065441169 | C21: =_xlfn.NORM.INV(RAND(),Hitorical_Sim!$AB$4,Hitorical_Sim!$AB$5) -> -0.0021301403 | D21: =_xlfn.NORM.INV(RAND(),Hitorical_Sim!$AB$4,Hitorical_Sim!$AB$5) -> 0.0038217138 | K21: =_xlfn.NORM.S.INV(RAND()) -> -0.18228525 | L21: =_xlfn.NORM.S.INV(RAND()) -> -0.02232401 | M21: =_xlfn.NORM.S.INV(RAND()) -> 0.73622787 | O21: 19 | P21: =$G$17*EXP(($G$15-0.5*$G$16)+($G$16*K21)) -> 1931.4467 | Q21: =$H$17*EXP(($H$15-0.5*$H$16^2)+($H$16*L21)) -> 384.16138 | R21: =$I$17*EXP(($I$15-0.5*$I$16)+($I$16*M21)) -> 154.19372 | T21: =LN(P21/P20) -> -0.0005967499 | U21: =LN(Q21/Q20) -> 0.008821696 | V21: =LN(R21/R20) -> 0.04106144 | X21: 19 | Y21: =($G$18*T21)+($H$18*U21)+($I$18*V21) -> 0.0033445397 | Z21: -0.046246158
A22: 20 | B22: =_xlfn.NORM.INV(RAND(),Hitorical_Sim!$AB$4,Hitorical_Sim!$AB$5) -> 0.04403761 | C22: =_xlfn.NORM.INV(RAND(),Hitorical_Sim!$AB$4,Hitorical_Sim!$AB$5) -> 0.043310591 | D22: =_xlfn.NORM.INV(RAND(),Hitorical_Sim!$AB$4,Hitorical_Sim!$AB$5) -> -0.01610565 | K22: =_xlfn.NORM.S.INV(RAND()) -> -0.58116899 | L22: =_xlfn.NORM.S.INV(RAND()) -> -1.0267466 | M22: =_xlfn.NORM.S.INV(RAND()) -> 0.15012716 | O22: 20 | P22: =$G$17*EXP(($G$15-0.5*$G$16)+($G$16*K22)) -> 1917.5199 | Q22: =$H$17*EXP(($H$15-0.5*$H$16^2)+($H$16*L22)) -> 373.3091 | R22: =$I$17*EXP(($I$15-0.5*$I$16)+($I$16*M22)) -> 151.46137 | T22: =LN(P22/P21) -> -0.0072366582 | U22: =LN(Q22/Q21) -> -0.028655982 | V22: =LN(R22/R21) -> -0.017879106 | X22: 20 | Y22: =($G$18*T22)+($H$18*U22)+($I$18*V22) -> -0.012037968 | Z22: -0.045997492
A23: 21 | B23: =_xlfn.NORM.INV(RAND(),Hitorical_Sim!$AB$4,Hitorical_Sim!$AB$5) -> 0.0080525266 | C23: =_xlfn.NORM.INV(RAND(),Hitorical_Sim!$AB$4,Hitorical_Sim!$AB$5) -> 0.00028297003 | D23: =_xlfn.NORM.INV(RAND(),Hitorical_Sim!$AB$4,Hitorical_Sim!$AB$5) -> -0.01539899 | K23: =_xlfn.NORM.S.INV(RAND()) -> 1.3420943 | L23: =_xlfn.NORM.S.INV(RAND()) -> -0.52905653 | M23: =_xlfn.NORM.S.INV(RAND()) -> 0.15675949 | O23: 21 | P23: =$G$17*EXP(($G$15-0.5*$G$16)+($G$16*K23)) -> 1985.6077 | Q23: =$H$17*EXP(($H$15-0.5*$H$16^2)+($H$16*L23)) -> 378.64752 | R23: =$I$17*EXP(($I$15-0.5*$I$16)+($I$16*M23)) -> 151.49202 | T23: =LN(P23/P22) -> 0.03489237 | U23: =LN(Q23/Q22) -> 0.014199002 | V23: =LN(R23/R22) -> 0.00020232037 | X23: 21 | Y23: =($G$18*T23)+($H$18*U23)+($I$18*V23) -> 0.029045819 | Z23: -0.045189069
A24: 22 | B24: =_xlfn.NORM.INV(RAND(),Hitorical_Sim!$AB$4,Hitorical_Sim!$AB$5) -> 0.022883961 | C24: =_xlfn.NORM.INV(RAND(),Hitorical_Sim!$AB$4,Hitorical_Sim!$AB$5) -> 0.0047057516 | D24: =_xlfn.NORM.INV(RAND(),Hitorical_Sim!$AB$4,Hitorical_Sim!$AB$5) -> -0.0028480855 | K24: =_xlfn.NORM.S.INV(RAND()) -> -0.10411213 | L24: =_xlfn.NORM.S.INV(RAND()) -> 0.51826381 | M24: =_xlfn.NORM.S.INV(RAND()) -> 0.85883801 | O24: 22 | P24: =$G$17*EXP(($G$15-0.5*$G$16)+($G$16*K24)) -> 1934.1879 | Q24: =$H$17*EXP(($H$15-0.5*$H$16^2)+($H$16*L24)) -> 390.13218 | R24: =$I$17*EXP(($I$15-0.5*$I$16)+($I$16*M24)) -> 154.77152 | T24: =LN(P24/P23) -> -0.026237474 | U24: =LN(Q24/Q23) -> 0.029879847 | V24: =LN(R24/R23) -> 0.021417029 | X24: 22 | Y24: =($G$18*T24)+($H$18*U24)+($I$18*V24) -> -0.01267982 | Z24: -0.044585189
A25: 23 | B25: =_xlfn.NORM.INV(RAND(),Hitorical_Sim!$AB$4,Hitorical_Sim!$AB$5) -> -0.016846324 | C25: =_xlfn.NORM.INV(RAND(),Hitorical_Sim!$AB$4,Hitorical_Sim!$AB$5) -> -0.0027703267 | D25: =_xlfn.NORM.INV(RAND(),Hitorical_Sim!$AB$4,Hitorical_Sim!$AB$5) -> -0.035225103 | K25: =_xlfn.NORM.S.INV(RAND()) -> 0.19343772 | L25: =_xlfn.NORM.S.INV(RAND()) -> 0.027983911 | M25: =_xlfn.NORM.S.INV(RAND()) -> 1.4575171 | O25: 23 | P25: =$G$17*EXP(($G$15-0.5*$G$16)+($G$16*K25)) -> 1944.6573 | Q25: =$H$17*EXP(($H$15-0.5*$H$16^2)+($H$16*L25)) -> 384.71316 | R25: =$I$17*EXP(($I$15-0.5*$I$16)+($I$16*M25)) -> 157.62405 | T25: =LN(P25/P24) -> 0.005398231 | U25: =LN(Q25/Q24) -> -0.013987591 | V25: =LN(R25/R24) -> 0.01826281 | X25: 23 | Y25: =($G$18*T25)+($H$18*U25)+($I$18*V25) -> 0.002166109 | Z25: -0.044580598
A26: 24 | B26: =_xlfn.NORM.INV(RAND(),Hitorical_Sim!$AB$4,Hitorical_Sim!$AB$5) -> 0.036863294 | C26: =_xlfn.NORM.INV(RAND(),Hitorical_Sim!$AB$4,Hitorical_Sim!$AB$5) -> 0.0042011553 | D26: =_xlfn.NORM.INV(RAND(),Hitorical_Sim!$AB$4,Hitorical_Sim!$AB$5) -> 0.016148621 | K26: =_xlfn.NORM.S.INV(RAND()) -> 1.0921105 | L26: =_xlfn.NORM.S.INV(RAND()) -> 2.4849888 | M26: =_xlfn.NORM.S.INV(RAND()) -> -1.6133162 | O26: 24 | P26: =$G$17*EXP(($G$15-0.5*$G$16)+($G$16*K26)) -> 1976.6228 | Q26: =$H$17*EXP(($H$15-0.5*$H$16^2)+($H$16*L26)) -> 412.6484 | R26: =$I$17*EXP(($I$15-0.5*$I$16)+($I$16*M26)) -> 143.52891 | T26: =LN(P26/P25) -> 0.016303969 | U26: =LN(Q26/Q25) -> 0.070097875 | V26: =LN(R26/R25) -> -0.093676312 | X26: 24 | Y26: =($G$18*T26)+($H$18*U26)+($I$18*V26) -> 0.021596579 | Z26: -0.044051491
A27: 25 | B27: =_xlfn.NORM.INV(RAND(),Hitorical_Sim!$AB$4,Hitorical_Sim!$AB$5) -> 0.0036238209 | C27: =_xlfn.NORM.INV(RAND(),Hitorical_Sim!$AB$4,Hitorical_Sim!$AB$5) -> 0.0011127175 | D27: =_xlfn.NORM.INV(RAND(),Hitorical_Sim!$AB$4,Hitorical_Sim!$AB$5) -> -0.020265281 | K27: =_xlfn.NORM.S.INV(RAND()) -> -1.8367396 | L27: =_xlfn.NORM.S.INV(RAND()) -> -2.0503431 | M27: =_xlfn.NORM.S.INV(RAND()) -> -0.81856607 | O27: 25 | P27: =$G$17*EXP(($G$15-0.5*$G$16)+($G$16*K27)) -> 1874.3346 | Q27: =$H$17*EXP(($H$15-0.5*$H$16^2)+($H$16*L27)) -> 362.56499 | R27: =$I$17*EXP(($I$15-0.5*$I$16)+($I$16*M27)) -> 147.05115 | T27: =LN(P27/P26) -> -0.053136002 | U27: =LN(Q27/Q26) -> -0.12939214 | V27: =LN(R27/R26) -> 0.024243994 | X27: 25 | Y27: =($G$18*T27)+($H$18*U27)+($I$18*V27) -> -0.064524749 | Z27: -0.043625589
A28: 26 | B28: =_xlfn.NORM.INV(RAND(),Hitorical_Sim!$AB$4,Hitorical_Sim!$AB$5) -> 0.014666561 | C28: =_xlfn.NORM.INV(RAND(),Hitorical_Sim!$AB$4,Hitorical_Sim!$AB$5) -> 0.0063911962 | D28: =_xlfn.NORM.INV(RAND(),Hitorical_Sim!$AB$4,Hitorical_Sim!$AB$5) -> 0.026488048 | K28: =_xlfn.NORM.S.INV(RAND()) -> 0.37112805 | L28: =_xlfn.NORM.S.INV(RAND()) -> -0.49854957 | M28: =_xlfn.NORM.S.INV(RAND()) -> 0.83263322 | O28: 26 | P28: =$G$17*EXP(($G$15-0.5*$G$16)+($G$16*K28)) -> 1950.9364 | Q28: =$H$17*EXP(($H$15-0.5*$H$16^2)+($H$16*L28)) -> 378.97723 | R28: =$I$17*EXP(($I$15-0.5*$I$16)+($I$16*M28)) -> 154.64785 | T28: =LN(P28/P27) -> 0.04005574 | U28: =LN(Q28/Q27) -> 0.04427237 | V28: =LN(R28/R27) -> 0.050370126 | X28: 26 | Y28: =($G$18*T28)+($H$18*U28)+($I$18*V28) -> 0.041407704 | Z28: -0.043286659
A29: 27 | B29: =_xlfn.NORM.INV(RAND(),Hitorical_Sim!$AB$4,Hitorical_Sim!$AB$5) -> 0.014398001 | C29: =_xlfn.NORM.INV(RAND(),Hitorical_Sim!$AB$4,Hitorical_Sim!$AB$5) -> -0.010266995 | D29: =_xlfn.NORM.INV(RAND(),Hitorical_Sim!$AB$4,Hitorical_Sim!$AB$5) -> -0.0064369913 | K29: =_xlfn.NORM.S.INV(RAND()) -> 1.8113913 | L29: =_xlfn.NORM.S.INV(RAND()) -> -0.48223533 | M29: =_xlfn.NORM.S.INV(RAND()) -> -0.072863019 | O29: 27 | P29: =$G$17*EXP(($G$15-0.5*$G$16)+($G$16*K29)) -> 2002.5856 | Q29: =$H$17*EXP(($H$15-0.5*$H$16^2)+($H$16*L29)) -> 379.15366 | R29: =$I$17*EXP(($I$15-0.5*$I$16)+($I$16*M29)) -> 150.43457 | T29: =LN(P29/P28) -> 0.026129651 | U29: =LN(Q29/Q28) -> 0.00046544201 | V29: =LN(R29/R28) -> -0.027622323 | X29: 27 | Y29: =($G$18*T29)+($H$18*U29)+($I$18*V29) -> 0.018347703 | Z29: -0.042501873
A30: 28 | B30: =_xlfn.NORM.INV(RAND(),Hitorical_Sim!$AB$4,Hitorical_Sim!$AB$5) -> -0.00062606375 | C30: =_xlfn.NORM.INV(RAND(),Hitorical_Sim!$AB$4,Hitorical_Sim!$AB$5) -> 0.0070517915 | D30: =_xlfn.NORM.INV(RAND(),Hitorical_Sim!$AB$4,Hitorical_Sim!$AB$5) -> -0.0059535236 | K30: =_xlfn.NORM.S.INV(RAND()) -> 0.4417251 | L30: =_xlfn.NORM.S.INV(RAND()) -> -0.13045948 | M30: =_xlfn.NORM.S.INV(RAND()) -> 1.0404579 | O30: 28 | P30: =$G$17*EXP(($G$15-0.5*$G$16)+($G$16*K30)) -> 1953.4368 | Q30: =$H$17*EXP(($H$15-0.5*$H$16^2)+($H$16*L30)) -> 382.97804 | R30: =$I$17*EXP(($I$15-0.5*$I$16)+($I$16*M30)) -> 155.63139 | T30: =LN(P30/P29) -> -0.02484886 | U30: =LN(Q30/Q29) -> 0.010036097 | V30: =LN(R30/R29) -> 0.033962052 | X30: 28 | Y30: =($G$18*T30)+($H$18*U30)+($I$18*V30) -> -0.014976377 | Z30: -0.041712927
... A1002: 1000 | B1002: =_xlfn.NORM.INV(RAND(),Hitorical_Sim!$AB$4,Hitorical_Sim!$AB$5) -> -0.010982293 | C1002: =_xlfn.NORM.INV(RAND(),Hitorical_Sim!$AB$4,Hitorical_Sim!$AB$5) -> 0.012065616 | D1002: =_xlfn.NORM.INV(RAND(),Hitorical_Sim!$AB$4,Hitorical_Sim!$AB$5) -> -0.013797033 | K1002: =_xlfn.NORM.S.INV(RAND()) -> 0.66839348 | L1002: =_xlfn.NORM.S.INV(RAND()) -> 0.28854065 | M1002: =_xlfn.NORM.S.INV(RAND()) -> 0.8342203 | O1002: 1000 | P1002: =$G$17*EXP(($G$15-0.5*$G$16)+($G$16*K1002)) -> 1961.4864 | Q1002: =$H$17*EXP(($H$15-0.5*$H$16^2)+($H$16*L1002)) -> 387.58363 | R1002: =$I$17*EXP(($I$15-0.5*$I$16)+($I$16*M1002)) -> 154.65533 | T1002: =LN(P1002/P1001) -> -0.010072166 | U1002: =LN(Q1002/Q1001) -> -0.030861584 | V1002: =LN(R1002/R1001) -> 0.0010072419 | X1002: 1000 | Y1002: =($G$18*T1002)+($H$18*U1002)+($I$18*V1002) -> -0.013672749 | Z1002: 0.062759246

Sheet Backtest_&_ES
A1: Reality Check (Backtesting) | G1: Future Predictionn (Expected Shortfall) | M1: Individual TVaR (ES) | Q1: Solvency Rate (Current) | V1: SOLVENCY CHECK
A2: Date | B2: Portfolio Return | C2: Breach Check | D2: Total Breaches | E2: Breach Zone | G2: Simulator | H2: Simulated Return | I2: Hypothetical P&L | J2: ES (Avg Worst Case) | K2: ES (Cash Loss) | M2: ICICIGI Risk | N2: GICRE Risk | O2: NIACL Risk | Q2: Company | R2: Weight | S2: Current Solvency (Real World) | T2: Weight Contributiion | V2: Target Solvency Multiplier | W2: =T6 -> 2.881
A3: 43832 | B3: 0.0050252493 | C3: =IF(B3<Monte_Carlo!$AC$2,1,0) -> 0 | D3: =SUM(C3:C1488) -> 9 | E3: =IF(D3<20,"Green","Red") -> Green | G3: 1 | Q3: ICICI Lombard | R3: 0.75 | S3: 2.69 | T3: =R3*S3 -> 2.0175 | V3: Stressed Capital Requirement | W3: =10000000*J4 -> -677619.42
A4: 43833 | B4: 0.012725341 | C4: =IF(B4<Monte_Carlo!$AC$2,1,0) -> 0 | G4: 2 | H4: -0.015699475 | I4: =H4*10000000 -> -156994.75 | J4: {=AVERAGE(SMALL(H4:H1002,_xlfn.SEQUENCE(5)))} -> -0.067761942 | K4: =J4*10000000 -> -677619.42 | M4: {=AVERAGE(SMALL(Monte_Carlo!T4:T1002,_xlfn.SEQUENCE(5)))} -> -0.076367955 | N4: {=AVERAGE(SMALL(Monte_Carlo!U4:U1002,_xlfn.SEQUENCE(5)))} -> -0.1152898 | O4: {=AVERAGE(SMALL(Monte_Carlo!V4:V1002,_xlfn.SEQUENCE(5)))} -> -0.12314738 | Q4: GIC Re | R4: 0.2 | S4: 3.85 | T4: =R4*S4 -> 0.77 | V4: Available Reserve Calculation: | W4: =W3*W2 -> -1952221.5
A5: 43836 | B5: -0.0030033705 | C5: =IF(B5<Monte_Carlo!$AC$2,1,0) -> 0 | G5: 3 | H5: -0.01572256 | I5: =H5*10000000 -> -157225.6 | Q5: New India | R5: 0.05 | S5: 1.87 | T5: =R5*S5 -> 0.0935
A6: 43837 | B6: 0.0047791591 | C6: =IF(B6<Monte_Carlo!$AC$2,1,0) -> 0 | G6: 4 | H6: 0.018874909 | I6: =H6*10000000 -> 188749.09 | Q6: Portfolio | R6: =SUM(R3:R5) -> 1 | T6: =SUM(T3:T5) -> 2.881
A7: 43838 | B7: -0.0030943557 | C7: =IF(B7<Monte_Carlo!$AC$2,1,0) -> 0 | G7: 5 | H7: 0.010779502 | I7: =H7*10000000 -> 107795.02
A8: 43839 | B8: -0.00016889188 | C8: =IF(B8<Monte_Carlo!$AC$2,1,0) -> 0 | G8: 6 | H8: -0.00096475853 | I8: =H8*10000000 -> -9647.5853
A9: 43840 | B9: -0.0038668417 | C9: =IF(B9<Monte_Carlo!$AC$2,1,0) -> 0 | G9: 7 | H9: 0.0018331094 | I9: =H9*10000000 -> 18331.094
A10: 43843 | B10: 0.0029210599 | C10: =IF(B10<Monte_Carlo!$AC$2,1,0) -> 0 | G10: 8 | H10: -0.0019878394 | I10: =H10*10000000 -> -19878.394
A11: 43844 | B11: 0.0063914487 | C11: =IF(B11<Monte_Carlo!$AC$2,1,0) -> 0 | G11: 9 | H11: -0.015413422 | I11: =H11*10000000 -> -154134.22
A12: 43845 | B12: 0.0046836583 | C12: =IF(B12<Monte_Carlo!$AC$2,1,0) -> 0 | G12: 10 | H12: -0.006771769 | I12: =H12*10000000 -> -67717.69
A13: 43846 | B13: 0.026799449 | C13: =IF(B13<Monte_Carlo!$AC$2,1,0) -> 0 | G13: 11 | H13: 0.030486793 | I13: =H13*10000000 -> 304867.93
A14: 43847 | B14: -0.0040895043 | C14: =IF(B14<Monte_Carlo!$AC$2,1,0) -> 0 | G14: 12 | H14: 0.0028973543 | I14: =H14*10000000 -> 28973.543
A15: 43850 | B15: -0.03522817 | C15: =IF(B15<Monte_Carlo!$AC$2,1,0) -> 0 | G15: 13 | H15: -0.020213201 | I15: =H15*10000000 -> -202132.01
A16: 43851 | B16: -0.012542136 | C16: =IF(B16<Monte_Carlo!$AC$2,1,0) -> 0 | G16: 14 | H16: 0.014454009 | I16: =H16*10000000 -> 144540.09
A17: 43852 | B17: -0.015046111 | C17: =IF(B17<Monte_Carlo!$AC$2,1,0) -> 0 | G17: 15 | H17: -0.021626264 | I17: =H17*10000000 -> -216262.64
A18: 43853 | B18: 0.017272694 | C18: =IF(B18<Monte_Carlo!$AC$2,1,0) -> 0 | G18: 16 | H18: 0.014026064 | I18: =H18*10000000 -> 140260.64
... A1002: 45302 | B1002: 0.0016579984 | C1002: =IF(B1002<Monte_Carlo!$AC$2,1,0) -> 0 | G1002: 1000 | H1002: -0.018189629 | I1002: =H1002*10000000 -> -181896.29
A1003: 45303 | B1003: 0.0019510377 | C1003: =IF(B1003<Monte_Carlo!$AC$2,1,0) -> 0
A1004: 45306 | B1004: -0.0074161811 | C1004: =IF(B1004<Monte_Carlo!$AC$2,1,0) -> 0
A1005: 45307 | B1005: 0.0016814656 | C1005: =IF(B1005<Monte_Carlo!$AC$2,1,0) -> 0
A1006: 45308 | B1006: 0.041895815 | C1006: =IF(B1006<Monte_Carlo!$AC$2,1,0) -> 0
A1007: 45309 | B1007: -0.010261656 | C1007: =IF(B1007<Monte_Carlo!$AC$2,1,0) -> 0
A1008: 45310 | B1008: 0.05912594 | C1008: =IF(B1008<Monte_Carlo!$AC$2,1,0) -> 0
A1009: 45314 | B1009: -0.019943411 | C1009: =IF(B1009<Monte_Carlo!$AC$2,1,0) -> 0
A1010: 45315 | B1010: 0.032865809 | C1010: =IF(B1010<Monte_Carlo!$AC$2,1,0) -> 0
A1011: 45316 | B1011: -0.019640346 | C1011: =IF(B1011<Monte_Carlo!$AC$2,1,0) -> 0
A1012: 45320 | B1012: 0.014497393 | C1012: =IF(B1012<Monte_Carlo!$AC$2,1,0) -> 0
A1013: 45321 | B1013: 0.0095621373 | C1013: =IF(B1013<Monte_Carlo!$AC$2,1,0) -> 0
A1014: 45322 | B1014: -0.00088401647 | C1014: =IF(B1014<Monte_Carlo!$AC$2,1,0) -> 0
... A1488: 46021 | B1488: 0.01251456 | C1488: =IF(B1488<Monte_Carlo!$AC$2,1,0) -> 0

Sheet Scenario_Analysis
B1: Stress Test Parameters | J1: Scenario Selector | L1: Active Simulation Inputs | S1: Siulation Returns
B2: Scenario Name | C2: ICICI Mean | D2: ICICI Vol | E2: GIC Re Mean | F2: GIC Re Vol | G2: NIACL Mean | H2: NIACL Vol | J2: Base Case | L2: ICICI Mean | M2: ICICI Vol | N2: GIC Mean | O2: GIC Vol | P2: NIACL Mean | Q2: NIACL Vol | S2: ICICI | T2: GIC | U2: NIACL | V2: Dynamic Portfolio Return
B3: Base Case | C3: 0.0005 | D3: 0.015 | E3: 0.0004 | F3: 0.018 | G3: 0.0003 | H3: 0.02 | J3: Base Case | L3: =VLOOKUP($J$2,$B$3:$H$5,2,FALSE) -> 0.0005 | M3: =VLOOKUP($J$2,$B$3:$H$5,3,FALSE) -> 0.015 | N3: =VLOOKUP($J$2,$B$3:$H$5,4,FALSE) -> 0.0004 | O3: =VLOOKUP($J$2,$B$3:$H$5,5,FALSE) -> 0.018 | P3: =VLOOKUP($J$2,$B$3:$H$5,6,FALSE) -> 0.0003 | Q3: =VLOOKUP($J$2,$B$3:$H$5,7,FALSE) -> 0.02 | S3: =_xlfn.NORM.INV(RAND(),$L$3,$M$3) -> 0.0024376602 | T3: =_xlfn.NORM.INV(RAND(),$N$3,$O$3) -> -0.006865377 | U3: =_xlfn.NORM.INV(RAND(),$P$3,$Q$3) -> 0.027004885 | V3: =(0.75*S3)+(0.2*T3)+(0.05*U3) -> 0.0018054139
B4: High CAT Loss | C4: 0.0005 | D4: 0.015 | E4: 0.0002 | F4: 0.027 | G4: 0.0003 | H4: 0.02 | S4: =_xlfn.NORM.INV(RAND(),$L$3,$M$3) -> 0.014855784 | T4: =_xlfn.NORM.INV(RAND(),$N$3,$O$3) -> 0.0051423616 | U4: =_xlfn.NORM.INV(RAND(),$P$3,$Q$3) -> 0.016981883 | V4: =(0.75*S4)+(0.2*T4)+(0.05*U4) -> 0.013019405
B5: Regulatory Shift | C5: 0.0006 | D5: 0.015 | E5: 0.0004 | F5: 0.018 | G5: 0.0005 | H5: 0.018 | S5: =_xlfn.NORM.INV(RAND(),$L$3,$M$3) -> 0.022625261 | T5: =_xlfn.NORM.INV(RAND(),$N$3,$O$3) -> -0.034313736 | U5: =_xlfn.NORM.INV(RAND(),$P$3,$Q$3) -> 0.031449626 | V5: =(0.75*S5)+(0.2*T5)+(0.05*U5) -> 0.01167868
S6: =_xlfn.NORM.INV(RAND(),$L$3,$M$3) -> -0.0067267629 | T6: =_xlfn.NORM.INV(RAND(),$N$3,$O$3) -> -0.016593051 | U6: =_xlfn.NORM.INV(RAND(),$P$3,$Q$3) -> 0.018587488 | V6: =(0.75*S6)+(0.2*T6)+(0.05*U6) -> -0.007434308
S7: =_xlfn.NORM.INV(RAND(),$L$3,$M$3) -> 0.015664942 | T7: =_xlfn.NORM.INV(RAND(),$N$3,$O$3) -> 0.0062731754 | U7: =_xlfn.NORM.INV(RAND(),$P$3,$Q$3) -> 0.017459326 | V7: =(0.75*S7)+(0.2*T7)+(0.05*U7) -> 0.013876308
S8: =_xlfn.NORM.INV(RAND(),$L$3,$M$3) -> -0.0038983022 | T8: =_xlfn.NORM.INV(RAND(),$N$3,$O$3) -> -0.0019589126 | U8: =_xlfn.NORM.INV(RAND(),$P$3,$Q$3) -> -0.019459834 | V8: =(0.75*S8)+(0.2*T8)+(0.05*U8) -> -0.0042885009
S9: =_xlfn.NORM.INV(RAND(),$L$3,$M$3) -> 0.0064613891 | T9: =_xlfn.NORM.INV(RAND(),$N$3,$O$3) -> 0.0056156682 | U9: =_xlfn.NORM.INV(RAND(),$P$3,$Q$3) -> -0.0031485029 | V9: =(0.75*S9)+(0.2*T9)+(0.05*U9) -> 0.0058117504
S10: =_xlfn.NORM.INV(RAND(),$L$3,$M$3) -> -0.0045105093 | T10: =_xlfn.NORM.INV(RAND(),$N$3,$O$3) -> 0.02801755 | U10: =_xlfn.NORM.INV(RAND(),$P$3,$Q$3) -> -0.0029987712 | V10: =(0.75*S10)+(0.2*T10)+(0.05*U10) -> 0.0020706894
S11: =_xlfn.NORM.INV(RAND(),$L$3,$M$3) -> -0.01231621 | T11: =_xlfn.NORM.INV(RAND(),$N$3,$O$3) -> 0.033696085 | U11: =_xlfn.NORM.INV(RAND(),$P$3,$Q$3) -> -0.010287525 | V11: =(0.75*S11)+(0.2*T11)+(0.05*U11) -> -0.0030123171
S12: =_xlfn.NORM.INV(RAND(),$L$3,$M$3) -> 0.014591562 | T12: =_xlfn.NORM.INV(RAND(),$N$3,$O$3) -> -0.014611903 | U12: =_xlfn.NORM.INV(RAND(),$P$3,$Q$3) -> 0.021277726 | V12: =(0.75*S12)+(0.2*T12)+(0.05*U12) -> 0.0090851775
S13: =_xlfn.NORM.INV(RAND(),$L$3,$M$3) -> -0.020597742 | T13: =_xlfn.NORM.INV(RAND(),$N$3,$O$3) -> -0.014899942 | U13: =_xlfn.NORM.INV(RAND(),$P$3,$Q$3) -> -0.028053767 | V13: =(0.75*S13)+(0.2*T13)+(0.05*U13) -> -0.019830983
S14: =_xlfn.NORM.INV(RAND(),$L$3,$M$3) -> 0.0018968078 | T14: =_xlfn.NORM.INV(RAND(),$N$3,$O$3) -> 0.016804836 | U14: =_xlfn.NORM.INV(RAND(),$P$3,$Q$3) -> -0.0095718404 | V14: =(0.75*S14)+(0.2*T14)+(0.05*U14) -> 0.004304981
S15: =_xlfn.NORM.INV(RAND(),$L$3,$M$3) -> 0.0038183571 | T15: =_xlfn.NORM.INV(RAND(),$N$3,$O$3) -> 0.029520089 | U15: =_xlfn.NORM.INV(RAND(),$P$3,$Q$3) -> -0.011099364 | V15: =(0.75*S15)+(0.2*T15)+(0.05*U15) -> 0.0082128174
S16: =_xlfn.NORM.INV(RAND(),$L$3,$M$3) -> -0.0129452 | T16: =_xlfn.NORM.INV(RAND(),$N$3,$O$3) -> 0.0043717052 | U16: =_xlfn.NORM.INV(RAND(),$P$3,$Q$3) -> 0.010331331 | V16: =(0.75*S16)+(0.2*T16)+(0.05*U16) -> -0.0083179925
S17: =_xlfn.NORM.INV(RAND(),$L$3,$M$3) -> -0.012690428 | T17: =_xlfn.NORM.INV(RAND(),$N$3,$O$3) -> -0.012256133 | U17: =_xlfn.NORM.INV(RAND(),$P$3,$Q$3) -> -0.023851896 | V17: =(0.75*S17)+(0.2*T17)+(0.05*U17) -> -0.013161642
... S1002: =_xlfn.NORM.INV(RAND(),$L$3,$M$3) -> 0.010698852 | T1002: =_xlfn.NORM.INV(RAND(),$N$3,$O$3) -> 0.058271433 | U1002: =_xlfn.NORM.INV(RAND(),$P$3,$Q$3) -> -0.0060456844 | V1002: =(0.75*S1002)+(0.2*T1002)+(0.05*U1002) -> 0.019376141
